{
  "REnFormer-Skip (checkpoint)": {
    "MAE": 1.936042308807373,
    "RMSE": 6.332849502563477,
    "CRPS": 1.3761208670569274,
    "Params": 536624,
    "InferTime_s": 5.316027899825713,
    "ms_per_fc": 0.03603182862485826
  },
  "TimesFM 2.5 (zero-shot)": {
    "MAE": 1.9363797903060913,
    "RMSE": 6.541337966918945,
    "CRPS": 1.4502063655287252,
    "Params": 231289280,
    "InferTime_s": 3399.509318004886,
    "ms_per_fc": 23.041740837924632
  }
}