{
  "REnFormer-Skip (checkpoint)": {
    "MAE": 2.023314952850342,
    "RMSE": 6.535360336303711,
    "CRPS": 1.438870981637743,
    "Params": 536624,
    "InferTime_s": 4.975748460041359,
    "ms_per_fc": 0.03774653664118768
  },
  "TimesFM 2.5 (zero-shot)": {
    "MAE": 2.027056932449341,
    "RMSE": 6.759946823120117,
    "CRPS": 1.5168991731923078,
    "Params": 231289280,
    "InferTime_s": 3187.0464586246526,
    "ms_per_fc": 24.17726034459606
  }
}