{
  "REnFormer-Skip (checkpoint)": {
    "MAE": 0.8191770911216736,
    "RMSE": 3.292184591293335,
    "CRPS": 0.5792172234507247,
    "Params": 536624,
    "InferTime_s": 2.124254182941513,
    "ms_per_fc": 0.03808954963137015
  },
  "TimesFM 2.5 (zero-shot)": {
    "MAE": 0.8388127684593201,
    "RMSE": 3.3230862617492676,
    "CRPS": 0.6325704505893,
    "Params": 231289280,
    "InferTime_s": 1358.3327061885793,
    "ms_per_fc": 24.355974649248328
  }
}