{
  "REnFormer-Skip (checkpoint)": {
    "MAE": 2.287337064743042,
    "RMSE": 7.147646427154541,
    "CRPS": 1.6263934564829647,
    "Params": 536624,
    "InferTime_s": 4.010380568855908,
    "ms_per_fc": 0.03766676593271257
  },
  "TimesFM 2.5 (zero-shot)": {
    "MAE": 2.280601739883423,
    "RMSE": 7.383138656616211,
    "CRPS": 1.7047515205202293,
    "Params": 231289280,
    "InferTime_s": 2595.0341181399126,
    "ms_per_fc": 24.37338328298969
  }
}