{
  "REnFormer-Skip (checkpoint)": {
    "MAE": 1.826877236366272,
    "RMSE": 6.531193256378174,
    "CRPS": 1.2994236998103745,
    "Params": 536624,
    "InferTime_s": 3.070497017906746,
    "ms_per_fc": 0.037851294599442135
  },
  "TimesFM 2.5 (zero-shot)": {
    "MAE": 1.8301728963851929,
    "RMSE": 6.6858320236206055,
    "CRPS": 1.3680037122335307,
    "Params": 231289280,
    "InferTime_s": 1971.1714071919268,
    "ms_per_fc": 24.299450285896533
  }
}