{
  "REnFormer-Skip (checkpoint)": {
    "MAE": 0.5599464178085327,
    "RMSE": 0.8965676426887512,
    "CRPS": 0.392249566057137,
    "Params": 536624,
    "InferTime_s": 0.18606143502984196,
    "ms_per_fc": 0.03669850789543234
  },
  "TimesFM 2.5 (zero-shot)": {
    "MAE": 0.6245338320732117,
    "RMSE": 1.0655351877212524,
    "CRPS": 0.46982034964865016,
    "Params": 231289280,
    "InferTime_s": 130.38447953623836,
    "ms_per_fc": 25.716859869080544
  }
}