{
  "REnFormer-Skip (checkpoint)": {
    "MAE": 1.036978006362915,
    "RMSE": 4.413318157196045,
    "CRPS": 0.7337904592578967,
    "Params": 536624,
    "InferTime_s": 1.1416589019063395,
    "ms_per_fc": 0.03752987843216106
  },
  "TimesFM 2.5 (zero-shot)": {
    "MAE": 1.0398380756378174,
    "RMSE": 4.434564590454102,
    "CRPS": 0.782494282997705,
    "Params": 231289280,
    "InferTime_s": 755.7971741829824,
    "ms_per_fc": 24.845403490564838
  }
}